Income,NumDealsPurchases,NumWebVisitsMonth,Age,TotalSpending,Children
58138.0,3,7,58,1617,0
46344.0,2,5,61,27,2
71613.0,1,4,50,776,0
26646.0,2,6,31,53,1
58293.0,5,5,34,422,1
62513.0,2,6,48,716,1
55635.0,4,6,44,590,1
33454.0,2,8,30,169,1
30351.0,1,9,41,46,1
5648.0,1,20,65,49,2
7500.0,1,8,39,61,0
63033.0,1,2,56,1102,0
59354.0,3,6,63,310,2
17323.0,1,8,28,46,0
82800.0,1,3,69,1315,0
41850.0,3,8,35,96,2
37760.0,2,7,69,317,0
76995.0,2,5,66,1782,1
33812.0,2,6,30,133,1
37040.0,1,8,33,316,0
2447.0,15,1,36,1730,1
58607.0,3,8,66,972,1
65324.0,3,4,61,544,1
40689.0,7,8,64,444,1
18589.0,2,7,46,75,0
53359.0,4,7,39,257,2
38360.0,2,3,26,131,1
84618.0,1,2,50,1672,0
10979.0,2,5,26,30,0
38620.0,1,3,52,318,0
40548.0,2,5,45,120,1
46610.0,6,6,63,302,2
68657.0,1,7,69,1196,0
49389.0,1,7,64,65,2
67353.0,5,2,45,913,1
23718.0,3,7,39,81,1
42429.0,2,5,42,67,1
48948.0,2,6,72,902,0
80011.0,2,4,35,1395,1
20559.0,2,8,30,53,1
21994.0,1,5,58,22,1
7500.0,3,5,40,31,1
79941.0,1,1,39,984,0
7500.0,3,9,19,122,0
41728.0,1,10,47,55,1
72550.0,9,8,61,1319,2
65486.0,1,2,58,507,1
79143.0,1,3,51,1693,0
35790.0,2,7,38,72,1
82582.0,1,1,38,1617,0
66373.0,7,3,37,606,2
82384.0,1,1,60,1957,0
70287.0,1,3,49,1093,0
27938.0,1,3,27,29,1
55954.0,3,7,47,518,1
75777.0,1,1,33,1438,0
66653.0,4,3,40,612,2
61823.0,4,7,63,884,1
67680.0,1,5,64,606,1
70666.0,1,4,67,1076,0
25721.0,1,7,44,34,1
32474.0,1,7,48,11,2
88194.0,1,5,36,1274,1
69096.0,1,4,57,653,1
74854.0,7,5,45,1562,3
66991.0,3,3,61,1253,0
65031.0,4,7,56,863,1
60631.0,5,7,40,661,2
28332.0,1,2,63,65,0
40246.0,1,6,38,13,1
75251.0,1,5,43,1890,0
75825.0,0,4,39,2209,0
26326.0,1,3,39,18,0
56046.0,2,8,50,692,0
29760.0,4,8,30,165,1
26304.0,1,7,46,16,1
23559.0,3,7,42,79,1
38620.0,1,3,52,318,0
81361.0,1,1,28,778,0
29440.0,2,7,55,56,2
36138.0,5,7,45,151,2
50388.0,4,7,58,372,1
79593.0,1,2,42,1366,0
54178.0,1,2,48,194,1
42394.0,1,7,43,32,1
23626.0,3,5,45,43,1
30096.0,1,6,32,45,1
47916.0,5,6,55,606,1
51813.0,2,7,43,63,2
78497.0,1,2,64,978,0
50150.0,2,5,32,410,0
47823.0,2,8,55,72,1
34554.0,2,6,56,55,1
85693.0,2,5,36,1169,1
65846.0,1,4,70,1120,0
87195.0,1,1,56,1097,0
24594.0,1,5,36,29,1
49096.0,4,7,51,187,2
52413.0,4,6,46,910,2
38557.0,2,7,37,145,1
89058.0,1,2,55,850,0
77298.0,1,3,36,969,1
68126.0,1,9,24,1820,0
57288.0,3,6,52,608,1
86037.0,1,3,24,730,0
43974.0,5,7,35,551,1
50785.0,2,6,53,114,2
90765.0,0,1,45,1724,0
36550.0,5,9,37,577,1
30753.0,2,5,48,81,2
21918.0,2,6,46,33,1
56129.0,4,4,62,660,1
32557.0,3,5,48,80,1
19510.0,2,7,30,30,2
30992.0,1,7,39,43,1
101970.0,0,2,32,1135,0
71488.0,2,1,50,559,0
79607.0,1,1,31,1923,0
54348.0,2,6,62,90,2
77376.0,4,4,59,661,2
62998.0,5,5,63,463,1
61331.0,5,8,57,632,2
73448.0,1,4,46,725,0
41551.0,5,8,51,279,2
62981.0,1,3,48,1482,0
9548.0,2,8,39,29,1
33762.0,3,8,56,106,3
35860.0,2,5,42,49,2
36921.0,2,7,50,38,2
92859.0,1,2,23,2077,0
65104.0,2,7,39,1053,1
86111.0,1,2,53,1385,0
68352.0,3,6,41,871,1
41883.0,3,7,27,312,1
59809.0,3,8,39,877,2
23957.0,1,6,40,68,1
38547.0,1,8,34,22,1
35688.0,7,8,42,211,3
49605.0,1,3,49,127,0
59354.0,1,3,62,459,2
65747.0,4,6,46,460,1
46344.0,4,7,43,429,1
34176.0,4,6,27,89,1
61010.0,2,5,63,1021,1
69372.0,1,4,66,1381,0
49967.0,3,7,57,306,1
60199.0,1,4,37,18,3
55375.0,1,2,38,162,1
80317.0,1,1,60,1231,0
30523.0,1,7,57,13,3
70356.0,2,6,70,1706,0
23228.0,4,8,31,121,1
74165.0,1,2,40,1293,0
43482.0,3,6,49,88,3
62551.0,1,3,62,421,0
52332.0,1,4,56,259,0
66951.0,1,1,27,1117,0
26091.0,3,5,58,89,2
33456.0,2,7,50,36,2
28718.0,2,8,33,57,1
50447.0,1,6,45,148,2
53537.0,2,5,56,93,2
52074.0,1,4,48,119,1
80427.0,1,5,40,1835,1
83837.0,1,4,67,1318,0
38853.0,2,7,45,45,2
38285.0,1,2,56,10,3
78497.0,1,2,64,978,0
51650.0,1,5,39,191,1
16248.0,3,6,27,57,1
66835.0,1,2,69,1033,0
30477.0,1,6,31,66,1
28249.0,1,6,54,43,0
25271.0,1,9,32,50,1
32303.0,2,5,45,39,1
61286.0,2,5,49,608,1
74068.0,1,2,39,1581,0
45759.0,2,7,51,68,2
24882.0,1,6,37,80,1
66973.0,1,3,26,1282,0
38872.0,2,8,27,91,1
51148.0,4,6,42,315,2
31353.0,2,8,38,31,2
69661.0,1,3,35,834,0
80067.0,1,2,61,1600,0
86718.0,1,2,61,1270,0
46854.0,6,8,42,263,2
69142.0,3,5,63,535,1
75922.0,1,1,47,1295,0
63693.0,3,6,37,1150,1
102160.0,0,4,38,1240,0
40637.0,2,7,50,38,2
18890.0,1,6,31,35,0
29604.0,1,9,27,53,1
48721.0,6,6,52,293,2
44794.0,1,6,49,65,1
64497.0,5,8,61,1804,1
46097.0,5,4,59,241,1
77972.0,1,1,61,1101,0
44377.0,8,8,47,264,2
46014.0,10,7,41,541,2
70951.0,1,1,30,1198,0
41443.0,6,8,38,482,1
52195.0,1,8,37,17,3
83790.0,1,3,67,1615,0
44551.0,2,7,61,285,1
69508.0,2,6,35,1135,1
45204.0,1,3,27,114,1
72460.0,1,1,46,1047,0
77622.0,2,3,45,714,2
30732.0,4,8,35,185,1
63887.0,5,6,53,1245,1
42011.0,4,8,37,189,1
51369.0,2,8,39,576,1
51537.0,3,8,63,1103,1
79930.0,1,2,43,1753,0
34320.0,1,8,29,17,1
37070.0,9,7,49,433,2
81975.0,1,7,53,1588,1
38590.0,1,8,44,22,1
15033.0,1,3,64,19,0
62745.0,3,5,50,1117,1
22212.0,2,6,40,69,1
23661.0,1,7,33,23,1
79761.0,1,3,57,605,1
7500.0,4,7,42,57,1
73455.0,1,3,47,2088,0
64961.0,2,3,57,1009,1
22804.0,1,9,44,26,1
73687.0,1,2,25,1627,0
61074.0,7,7,57,1102,1
31686.0,2,6,51,17,2
80134.0,2,6,43,1690,1
75027.0,2,5,62,1390,1
67546.0,1,3,27,2126,0
65176.0,4,6,46,1531,1
31160.0,2,8,40,64,1
29938.0,2,6,30,26,1
102692.0,1,2,41,1112,0
26490.0,2,6,57,210,0
75702.0,5,8,48,1148,2
30899.0,2,6,41,33,1
63342.0,3,6,54,1101,1
45989.0,4,3,51,322,1
18701.0,4,5,51,44,2
40737.0,1,8,58,17,3
15287.0,2,7,36,31,1
69674.0,3,5,47,845,2
44159.0,4,5,45,275,1
37717.0,1,9,37,25,1
43776.0,6,8,63,275,2
38179.0,4,7,49,90,2
80124.0,1,1,52,1495,0
38097.0,4,7,45,184,2
72940.0,1,1,45,981,0
22070.0,2,6,45,67,1
69267.0,2,7,62,1635,0
31788.0,3,5,32,60,1
61905.0,2,5,40,231,1
29315.0,4,6,55,48,2
33378.0,3,7,52,99,2
66313.0,2,4,52,770,1
60714.0,2,5,59,957,0
77882.0,1,1,34,818,0
69867.0,1,1,29,925,0
63841.0,1,6,47,908,1
24480.0,3,7,34,102,1
51369.0,2,8,39,576,1
37760.0,2,7,69,317,0
65640.0,1,2,41,461,1
44319.0,2,5,40,37,2
30631.0,1,7,41,70,1
75278.0,1,3,63,930,0
50898.0,13,5,59,859,2
79946.0,1,3,49,1478,0
35416.0,3,8,66,390,0
32414.0,1,7,31,52,0
38361.0,3,7,46,137,1
82497.0,1,4,35,1919,0
16626.0,3,9,44,68,2
29672.0,1,6,50,25,2
55951.0,3,8,63,1374,1
35388.0,1,7,27,32,1
42386.0,1,8,29,100,1
68627.0,1,1,33,825,0
57912.0,5,5,50,916,1
35246.0,4,5,57,62,2
58821.0,1,6,59,728,1
46377.0,1,4,37,90,1
39747.0,3,8,27,273,1
23976.0,3,7,31,66,1
80950.0,1,2,54,1213,0
27038.0,1,9,49,107,0
77457.0,1,1,68,1157,0
64100.0,1,7,51,546,1
42670.0,1,4,23,241,0
12571.0,4,6,39,53,1
22574.0,2,7,48,37,3
70893.0,1,3,39,1508,0
54198.0,6,4,49,235,2
28839.0,2,5,59,32,2
40321.0,2,7,43,102,2
66503.0,2,3,30,401,1
30833.0,2,5,64,28,2
64795.0,3,2,44,680,1
34421.0,1,7,41,30,1
47025.0,1,7,50,20,2
64325.0,5,7,54,1307,1
40464.0,6,8,62,630,1
62187.0,1,3,58,1283,0
14849.0,3,8,39,65,1
27255.0,1,7,31,37,1
54432.0,1,4,65,38,3
29999.0,4,8,29,160,1
24072.0,1,8,32,23,1
33996.0,1,4,26,71,0
66334.0,2,5,59,1161,1
35178.0,1,7,44,59,1
22010.0,2,8,32,33,1
62204.0,1,3,55,946,2
75693.0,1,4,47,1442,0
30675.0,1,8,43,62,1
83003.0,1,3,50,1674,0
68655.0,1,3,27,1538,0
41411.0,1,6,29,139,0
55212.0,3,8,46,1182,1
59292.0,2,3,65,507,1
27190.0,1,8,42,18,1
82623.0,1,1,63,940,0
44300.0,2,6,50,42,2
84835.0,1,1,45,1190,0
30372.0,3,7,44,44,2
33181.0,1,6,39,16,1
71113.0,4,4,58,835,1
71952.0,2,4,29,1443,1
69759.0,3,3,49,1029,0
72099.0,1,1,41,1188,0
60000.0,5,6,39,1277,1
38643.0,2,7,37,49,2
50737.0,1,6,60,99,1
68462.0,1,1,46,1670,0
65073.0,1,2,72,900,0
46681.0,2,5,67,425,2
78618.0,1,2,58,2153,0
62187.0,3,4,46,636,1
28442.0,3,4,37,57,2
37717.0,1,9,37,25,1
51479.0,7,7,48,494,2
54803.0,2,4,46,693,1
79530.0,1,2,55,1348,0
31615.0,2,7,39,51,1
72025.0,1,3,53,1932,0
52614.0,2,8,40,990,1
35684.0,1,6,31,30,1
48178.0,6,8,40,254,2
29548.0,1,4,45,29,1
63810.0,4,8,49,1371,1
38578.0,3,8,43,73,2
46098.0,4,8,40,120,2
22585.0,1,9,45,81,0
30279.0,1,8,26,37,1
66426.0,2,6,54,1377,1
30822.0,1,7,46,51,1
33581.0,1,8,46,17,2
19986.0,1,7,30,22,1
27421.0,3,7,61,324,0
35688.0,7,8,42,211,3
36143.0,1,3,34,19,1
10245.0,3,5,44,41,1
43795.0,3,7,47,492,1
63381.0,4,2,55,1005,1
38823.0,1,6,66,114,1
83664.0,3,5,47,1173,2
90300.0,0,1,36,1738,0
62499.0,2,4,36,222,1
74293.0,1,2,22,1127,0
51012.0,1,6,69,209,0
70777.0,3,3,47,787,1
68682.0,1,2,24,1598,0
43824.0,4,8,44,186,2
15345.0,2,8,31,47,1
23442.0,1,7,28,27,1
14515.0,4,7,35,96,1
31395.0,4,6,59,64,2
75276.0,1,5,50,1040,0
42373.0,5,5,41,163,2
30507.0,1,7,55,343,0
55521.0,9,7,60,446,3
48006.0,1,6,50,41,2
27213.0,3,8,43,70,1
65808.0,3,6,44,272,2
30351.0,1,9,41,46,1
50437.0,3,7,52,490,2
23616.0,2,8,33,79,1
53858.0,4,4,39,915,1
66465.0,3,6,60,1485,1
46923.0,3,7,28,369,1
75072.0,2,3,53,1073,1
75865.0,1,1,72,1242,0
19789.0,3,5,40,78,1
80134.0,1,5,21,1378,0
91065.0,1,3,34,1474,0
49505.0,9,8,44,751,2
37401.0,2,7,42,48,1
30096.0,1,6,32,45,1
18492.0,1,8,33,10,1
82584.0,1,1,41,1435,0
93027.0,0,2,74,2119,0
48686.0,1,8,62,20,3
92910.0,1,1,29,1795,0
75433.0,2,6,26,1188,1
10404.0,2,5,26,43,1
61314.0,2,3,47,1008,1
84865.0,1,4,54,1688,0
42387.0,5,8,26,684,1
67309.0,15,7,48,1082,2
75236.0,1,4,51,1068,1
30015.0,2,5,45,57,1
50943.0,1,5,59,46,1
67272.0,3,5,49,733,1
51529.0,2,8,66,467,1
32011.0,3,7,44,122,1
7500.0,2,8,29,36,1
28691.0,1,8,26,34,1
56223.0,2,4,67,156,1
18100.0,1,5,69,14,0
30279.0,1,8,26,37,1
20130.0,1,8,41,34,0
23295.0,1,8,56,20,0
42618.0,2,8,43,192,1
81246.0,1,1,51,1379,0
24027.0,2,8,39,48,1
55707.0,2,3,62,428,1
57959.0,5,3,60,868,1
56796.0,3,7,46,1001,1
36230.0,1,5,44,59,1
70829.0,2,3,35,431,2
65991.0,3,7,39,971,1
38988.0,7,8,43,348,3
89572.0,1,4,49,2059,0
42207.0,4,6,31,265,1
50300.0,2,2,63,270,1
66664.0,1,3,33,1289,0
60597.0,4,7,51,893,1
70165.0,1,1,66,926,0
50520.0,2,6,57,135,1
80124.0,1,1,52,1495,0
33183.0,2,7,40,120,1
66582.0,1,1,46,1288,0
75261.0,1,2,60,1743,0
31880.0,1,8,45,15,1
53790.0,3,6,64,542,2
49269.0,3,7,44,890,1
61456.0,4,4,40,1388,1
37406.0,1,8,35,17,1
56937.0,7,6,34,906,1
38415.0,2,7,37,44,2
20518.0,1,5,27,25,1
62503.0,4,5,59,973,1
41644.0,2,3,43,31,2
55842.0,1,5,38,518,1
62010.0,4,5,43,530,1
41124.0,7,8,38,506,1
38961.0,1,7,42,70,1
37760.0,1,6,43,54,1
32233.0,2,9,41,296,1
43057.0,4,5,40,266,1
83151.0,1,3,55,747,0
78825.0,1,3,51,895,0
65104.0,2,7,39,1053,1
60093.0,2,6,41,735,1
14045.0,1,7,46,20,1
28457.0,1,8,63,205,0
78952.0,2,6,57,2092,1
46310.0,2,8,39,309,1
76005.0,1,6,60,1722,0
58308.0,4,8,51,900,1
55614.0,1,7,71,682,0
59432.0,3,5,53,663,1
55563.0,1,3,37,43,1
78642.0,1,6,44,1816,1
67911.0,3,3,66,976,1
65275.0,1,2,71,746,0
27203.0,2,8,65,64,2
48330.0,1,5,54,32,1
24279.0,1,8,25,263,0
64355.0,2,8,30,1445,1
50943.0,1,5,59,46,1
53653.0,2,6,62,1210,0
65665.0,1,3,39,945,1
81217.0,1,1,26,1157,0
34935.0,1,7,23,137,0
61250.0,6,5,56,730,1
39665.0,3,7,34,216,1
60152.0,1,3,36,943,1
48920.0,3,7,51,347,2
89120.0,1,1,56,1924,0
44124.0,4,8,69,397,1
81169.0,1,2,40,2089,0
36443.0,4,8,54,138,2
26095.0,1,7,25,42,1
71367.0,1,2,56,777,0
80184.0,1,3,71,1902,0
30630.0,2,7,50,52,2
73454.0,1,5,28,1651,0
42691.0,1,5,24,358,0
70503.0,1,6,62,1727,0
25545.0,3,6,28,210,1
32880.0,1,8,29,42,1
77863.0,1,2,57,1291,0
50353.0,1,3,38,442,0
61839.0,1,8,51,1895,0
49154.0,6,6,55,411,2
47682.0,4,5,40,521,1
72679.0,1,1,46,1168,1
57954.0,7,7,38,493,2
65316.0,2,4,53,260,2
28567.0,2,6,33,46,1
47352.0,4,7,64,319,1
44931.0,1,5,48,96,1
76982.0,1,4,48,1062,0
57247.0,2,2,63,232,1
22944.0,3,7,34,76,1
25315.0,3,8,38,54,1
43638.0,2,7,46,201,1
42710.0,2,6,31,406,1
84169.0,1,3,33,1919,0
54058.0,2,3,39,662,1
24683.0,2,5,25,41,1
85620.0,1,1,51,1600,0
47850.0,1,6,35,134,1
19514.0,4,8,47,69,2
27159.0,2,6,42,21,2
39548.0,2,3,52,54,2
21474.0,2,7,26,91,1
60504.0,2,6,44,526,1
22419.0,1,8,52,162,0
81698.0,1,1,66,1008,0
43462.0,6,8,63,240,2
54880.0,2,5,37,795,1
79908.0,1,2,33,1772,0
15315.0,2,5,45,64,0
87771.0,1,6,56,1957,1
33039.0,1,5,37,78,1
81741.0,0,2,35,1572,0
71499.0,2,4,44,795,1
62466.0,5,4,45,889,1
48799.0,3,3,52,331,1
52157.0,2,4,65,265,1
66565.0,4,8,53,1065,1
29298.0,1,5,64,11,2
47691.0,1,6,36,21,1
38200.0,1,7,45,17,2
44989.0,5,6,41,369,1
38443.0,2,7,47,38,2
38593.0,3,8,37,177,1
64413.0,1,5,45,279,1
36959.0,2,8,34,62,1
61996.0,3,5,38,1230,1
51287.0,3,7,47,182,2
13260.0,4,8,45,49,2
47472.0,2,5,49,75,2
54603.0,6,7,59,227,2
45207.0,5,6,41,215,2
40689.0,7,8,64,444,1
47821.0,1,8,48,47,2
27450.0,1,7,64,143,0
39453.0,2,6,32,55,1
26850.0,4,4,44,63,2
79800.0,1,3,60,1867,0
61794.0,2,2,54,611,1
53863.0,3,7,60,473,1
24221.0,1,4,56,55,0
39684.0,2,7,31,81,1
92163.0,0,2,40,2086,0
69882.0,1,1,50,1478,0
33178.0,1,4,38,49,1
59973.0,1,1,43,382,0
17459.0,3,7,40,69,1
23910.0,1,7,46,67,1
42169.0,2,8,46,30,2
26224.0,3,6,37,63,1
31089.0,3,8,34,79,1
30081.0,1,7,54,42,1
62807.0,3,5,55,819,1
72906.0,1,1,60,1151,0
61467.0,3,5,67,594,2
49618.0,4,7,49,129,2
21888.0,4,10,29,213,1
42429.0,2,5,42,67,1
26150.0,1,7,59,28,3
30801.0,2,7,40,45,1
81168.0,1,3,50,1193,0
26877.0,2,6,46,268,0
45006.0,1,3,71,266,0
18978.0,1,8,42,37,1
22574.0,2,7,48,37,3
48240.0,3,5,46,882,0
45837.0,5,7,41,373,2
35791.0,2,8,50,35,3
54162.0,1,4,37,42,2
30522.0,5,2,55,326,1
54456.0,3,6,54,404,1
31632.0,1,7,44,95,0
72298.0,1,1,66,939,0
36975.0,1,7,37,33,1
72635.0,1,3,60,981,0
13624.0,2,6,39,36,1
84196.0,1,3,40,1237,1
70971.0,7,7,55,1825,1
34487.0,3,9,38,103,2
28769.0,3,9,38,191,1
69084.0,2,8,45,1586,1
65488.0,1,1,57,963,0
62466.0,5,4,45,889,1
32218.0,1,7,55,93,0
83917.0,1,3,42,1587,0
46102.0,1,7,53,16,3
84574.0,1,5,63,1375,0
56181.0,1,4,53,393,1
63120.0,5,7,65,1477,1
73691.0,2,2,44,1179,1
63381.0,4,2,55,1005,1
76140.0,1,2,67,1348,0
62859.0,4,6,56,1307,1
45906.0,2,5,51,486,1
77632.0,1,2,68,2252,0
46463.0,7,6,44,235,2
105471.0,0,3,45,1724,0
55282.0,1,4,45,235,1
78710.0,3,4,38,1092,1
66886.0,2,5,57,599,1
98777.0,0,1,55,2008,0
29103.0,2,9,30,48,1
67445.0,5,6,41,1174,1
50616.0,1,2,65,67,1
49431.0,2,8,60,365,1
61278.0,2,6,62,165,1
26490.0,2,6,57,210,0
73059.0,1,4,68,1095,1
46734.0,4,6,49,223,3
56253.0,4,6,52,597,1
19986.0,1,7,30,22,1
58330.0,1,4,40,1064,1
25965.0,1,8,35,74,0
14661.0,1,6,59,26,0
18690.0,1,8,56,60,0
45068.0,1,7,41,20,1
21063.0,2,6,28,59,1
29187.0,1,8,47,34,1
54690.0,3,3,44,198,2
59304.0,3,5,51,1048,1
59247.0,5,6,53,574,2
66731.0,4,3,45,1029,1
77353.0,2,4,35,670,1
52614.0,2,8,40,990,1
26751.0,1,8,41,11,2
81300.0,3,5,52,1241,1
70337.0,1,1,36,576,0
36145.0,4,9,30,172,1
65295.0,1,2,35,664,0
68118.0,2,6,52,928,1
68743.0,1,7,48,2074,0
41039.0,1,8,33,467,0
38946.0,2,5,60,257,1
65777.0,1,1,48,1146,0
66476.0,2,4,39,689,1
86857.0,1,2,43,2114,0
77845.0,1,1,26,1346,0
69476.0,1,2,46,1044,0
50611.0,6,6,55,493,1
61209.0,1,2,45,957,0
42315.0,3,3,57,270,1
13084.0,1,6,63,29,0
47570.0,3,7,66,121,2
61923.0,1,3,54,126,2
34824.0,1,6,20,23,0
26518.0,3,8,66,57,2
45938.0,2,6,54,636,0
78468.0,1,4,55,1004,0
78901.0,3,4,42,734,1
71427.0,2,4,37,614,2
71022.0,3,8,37,1453,1
90247.0,1,1,27,1621,0
41335.0,3,7,47,187,1
71952.0,2,4,29,1443,1
35682.0,1,2,45,57,1
43185.0,2,8,64,637,1
66375.0,3,7,67,948,1
35178.0,1,7,44,59,1
25252.0,1,8,29,18,1
55250.0,4,5,50,903,1
33249.0,2,6,40,112,1
58398.0,3,4,62,596,0
50272.0,3,7,33,233,1
76618.0,1,1,40,1511,0
87305.0,1,2,55,1152,0
25851.0,2,7,37,48,1
58710.0,6,6,45,1185,1
45160.0,1,7,57,21,2
74806.0,2,4,50,965,1
59111.0,1,7,61,869,0
18988.0,2,7,31,16,1
72190.0,1,3,50,1947,0
7500.0,5,9,39,71,1
44794.0,1,6,49,65,1
80395.0,1,2,60,1380,0
75012.0,1,1,39,1027,0
56962.0,7,7,50,411,3
89891.0,1,4,24,836,0
35946.0,1,5,66,11,2
53593.0,8,8,62,480,2
66373.0,7,3,37,606,2
45072.0,5,8,67,284,3
89694.0,3,5,42,1472,2
72025.0,1,2,66,1677,0
67432.0,2,4,42,1335,1
70545.0,1,2,63,334,1
17487.0,1,7,26,18,1
62882.0,2,4,46,1338,1
64108.0,4,5,62,1099,1
34941.0,2,8,59,97,2
48767.0,3,5,65,63,3
38702.0,2,6,37,109,1
82224.0,1,3,51,902,0
83844.0,1,1,63,1574,0
17003.0,3,5,40,38,1
71163.0,1,1,20,960,0
33697.0,1,7,45,28,1
63564.0,1,6,61,1215,0
83443.0,1,2,43,1497,0
51518.0,2,3,57,449,1
58330.0,1,4,40,1064,1
80952.0,1,8,46,1757,0
75507.0,1,3,36,1440,0
63855.0,1,4,37,1006,0
62220.0,5,6,43,1226,1
58512.0,5,8,51,1171,1
40662.0,2,4,36,92,1
38829.0,1,5,56,99,1
35523.0,2,7,34,66,1
79146.0,2,6,48,564,2
78285.0,1,3,27,1427,0
31626.0,1,7,37,86,1
75127.0,1,1,63,833,0
48726.0,3,6,60,242,1
74985.0,1,2,38,1869,0
67430.0,1,6,28,1364,0
46891.0,1,4,50,183,1
62058.0,4,6,59,450,1
72063.0,2,2,36,758,1
78939.0,1,3,64,1507,0
42720.0,8,8,50,654,2
33622.0,3,7,43,81,2
6835.0,0,20,58,137,1
41452.0,1,7,62,16,2
40760.0,2,6,50,93,1
74250.0,1,1,57,1158,0
51124.0,2,3,60,43,2
72258.0,2,2,44,1525,1
71466.0,1,1,41,1230,0
36283.0,2,4,39,29,2
20587.0,1,7,45,25,1
30467.0,1,7,43,24,1
31590.0,1,8,43,38,1
20425.0,2,7,29,57,1
17144.0,5,7,55,47,2
42564.0,6,7,47,813,1
43783.0,6,7,37,629,1
40780.0,4,9,39,377,1
62847.0,1,2,70,1612,0
82017.0,1,2,58,729,0
16813.0,1,7,65,50,0
51267.0,4,4,37,270,2
46524.0,2,3,54,177,1
45183.0,1,7,53,315,0
70421.0,3,6,61,767,1
60161.0,3,8,50,1071,1
73926.0,1,3,42,1580,0
19329.0,3,8,47,60,1
61872.0,4,4,45,573,1
46984.0,1,5,59,41,2
34838.0,3,6,64,170,2
82716.0,1,2,71,1167,0
48192.0,3,8,57,1526,0
49681.0,6,7,39,458,2
56850.0,1,2,44,63,1
55267.0,4,3,58,405,1
59666.0,7,8,43,1027,2
72504.0,2,2,43,1478,1
26872.0,1,6,34,72,0
21359.0,2,8,43,48,1
73170.0,1,2,40,726,0
52750.0,6,4,60,860,1
91820.0,0,1,29,1497,0
65968.0,2,3,45,495,1
30772.0,1,6,39,20,2
22507.0,3,9,61,570,0
65685.0,1,5,43,769,1
25804.0,2,8,37,55,1
76412.0,1,3,35,1808,0
22063.0,2,7,43,55,1
57091.0,1,5,54,577,0
22419.0,1,8,52,162,0
87771.0,1,6,56,1957,1
78353.0,1,8,56,1576,1
93404.0,3,5,61,1616,3
37859.0,2,8,53,36,3
80995.0,1,4,57,1482,1
16529.0,1,6,31,22,1
55412.0,1,5,39,63,2
48789.0,1,6,23,680,0
56575.0,3,5,48,542,2
25130.0,2,7,35,50,1
35441.0,2,8,48,39,2
71391.0,5,3,59,1043,1
49494.0,2,7,43,385,1
81702.0,1,3,35,1633,0
45889.0,1,6,35,46,1
56628.0,2,5,38,761,1
34026.0,3,5,65,76,2
40049.0,3,5,41,290,1
34176.0,4,6,27,89,1
19419.0,4,9,34,70,1
82504.0,1,1,55,1066,0
81205.0,1,2,45,2009,0
61618.0,2,3,24,1345,0
55284.0,3,5,59,764,1
49980.0,2,5,52,195,1
15072.0,4,5,35,53,2
49166.0,2,6,41,368,1
65324.0,3,4,61,544,1
82347.0,1,3,58,1853,0
30843.0,2,5,49,35,2
46374.0,3,8,41,446,1
60474.0,7,7,36,1180,1
38576.0,1,7,42,41,1
55357.0,3,5,30,727,2
37758.0,2,8,49,40,2
85710.0,1,2,26,1062,0
23228.0,2,8,46,40,1
44602.0,6,8,46,292,2
7500.0,1,6,28,15,0
38683.0,6,7,26,341,1
49514.0,2,7,40,369,1
57906.0,3,4,42,401,1
43456.0,3,5,49,393,1
19485.0,1,7,29,10,2
53172.0,3,3,37,486,1
30545.0,2,7,36,69,1
70123.0,1,3,32,1727,0
62450.0,2,3,56,995,1
21675.0,3,7,39,45,1
42395.0,4,7,34,182,2
61346.0,1,3,37,989,1
80812.0,1,2,62,1677,0
42835.0,7,6,44,595,2
39922.0,2,8,32,156,1
86424.0,1,1,59,1226,0
17117.0,4,9,37,128,1
24762.0,3,8,43,86,1
35797.0,2,8,40,68,1
36627.0,1,5,40,16,2
51111.0,2,6,34,55,2
86857.0,1,2,43,2114,0
82072.0,1,1,45,2018,0
46231.0,4,9,62,263,3
42243.0,2,7,56,55,2
51195.0,8,8,53,564,2
68092.0,2,5,37,1281,0
31814.0,2,9,42,83,1
51390.0,6,5,50,353,2
76630.0,1,1,32,1003,0
26868.0,1,7,24,14,1
48948.0,2,6,72,902,0
55260.0,2,6,43,1139,1
64090.0,1,5,59,797,1
78331.0,2,4,57,1638,1
37087.0,3,6,41,401,1
21846.0,4,8,29,84,1
81320.0,1,2,57,928,0
54137.0,2,6,45,203,1
66825.0,1,2,48,858,0
57100.0,1,3,42,409,0
58917.0,5,5,46,282,3
85072.0,1,0,38,1423,0
86429.0,0,2,54,1449,0
45684.0,1,7,44,28,1
47889.0,1,5,41,67,1
45921.0,1,4,29,199,0
78420.0,1,1,49,1453,0
75114.0,1,2,23,1253,0
52278.0,6,8,52,1198,1
35641.0,2,7,43,178,1
95529.0,1,3,21,1990,0
62820.0,1,1,61,976,0
73113.0,1,2,55,1001,0
84169.0,1,3,33,1919,0
42607.0,2,3,61,350,1
74637.0,1,3,61,1650,0
46015.0,1,7,60,46,2
72354.0,1,1,22,1228,0
39858.0,1,6,46,95,1
34469.0,3,4,67,62,2
83033.0,1,5,29,1761,1
24401.0,3,8,36,467,0
77583.0,1,2,37,1149,0
74116.0,1,2,33,2052,0
74293.0,1,2,22,1127,0
68397.0,1,3,39,1416,1
79632.0,1,2,41,1113,0
46107.0,1,3,26,125,1
64950.0,2,7,64,966,1
25443.0,1,8,26,32,1
75127.0,1,1,63,833,0
32892.0,2,8,44,46,1
71796.0,1,4,44,960,0
67536.0,3,8,45,1829,1
55239.0,3,5,44,779,1
60554.0,2,6,40,811,1
64831.0,8,6,63,1120,2
56067.0,2,5,53,725,1
82025.0,1,1,32,1187,0
94384.0,0,2,62,2302,0
14906.0,3,7,29,66,0
51563.0,1,8,28,1250,0
57937.0,3,3,33,683,1
68274.0,2,3,36,305,2
39771.0,1,4,38,50,1
67893.0,2,8,40,995,1
27922.0,1,4,36,41,1
52190.0,3,5,39,77,2
44051.0,4,6,42,171,2
42767.0,1,8,44,131,2
46106.0,1,6,39,54,2
16927.0,5,8,39,53,2
59754.0,3,5,50,475,1
53700.0,4,5,63,694,1
59041.0,2,5,42,96,2
54237.0,4,6,58,361,1
70647.0,2,2,48,1079,1
52597.0,3,5,53,578,1
41021.0,2,6,46,64,1
40233.0,5,6,40,149,1
50183.0,7,5,35,231,2
54753.0,3,4,56,728,1
92955.0,1,2,42,1778,0
33471.0,3,7,42,93,1
34596.0,1,8,41,23,1
44010.0,6,9,35,662,1
84219.0,1,1,27,1198,0
40706.0,4,7,47,81,3
15716.0,3,8,27,92,1
59052.0,3,5,56,491,1
80573.0,1,2,44,1564,0
83715.0,1,0,53,926,0
82576.0,1,1,56,1910,0
56962.0,7,7,50,411,3
35704.0,3,4,63,94,2
53103.0,5,7,61,1085,1
46779.0,1,4,55,23,2
4861.0,0,14,50,6,0
33462.0,1,7,36,54,1
63693.0,3,6,37,1150,1
80763.0,1,3,65,1415,0
65352.0,2,4,41,405,1
82170.0,1,2,37,1908,0
75759.0,1,5,46,2486,0
79689.0,1,2,39,1315,0
35340.0,2,5,59,45,2
85683.0,1,1,61,1789,0
24884.0,1,7,43,19,1
42021.0,5,9,34,573,1
64449.0,4,4,26,805,1
64587.0,2,3,61,108,2
34824.0,1,6,20,23,0
75437.0,1,6,37,1493,0
26091.0,3,5,58,89,2
52845.0,3,6,42,936,1
46086.0,4,4,59,343,1
78028.0,1,7,59,528,1
95169.0,1,1,28,1901,0
56337.0,5,8,34,724,2
22434.0,2,8,28,58,1
36930.0,5,8,61,297,1
36130.0,6,4,61,488,1
65569.0,2,3,62,859,1
83844.0,1,1,63,1574,0
19514.0,4,8,47,69,2
36736.0,1,6,52,17,2
77568.0,1,5,36,2194,1
49187.0,1,2,39,116,1
30168.0,7,9,37,279,1
34053.0,1,8,47,103,1
38196.0,3,5,44,44,2
59412.0,1,3,64,406,0
70924.0,1,3,50,1363,0
54165.0,1,2,46,236,0
32300.0,1,8,42,39,1
20180.0,1,7,39,137,0
34961.0,3,7,42,79,1
28440.0,1,8,41,63,1
64504.0,7,7,62,1314,3
33564.0,1,5,49,71,1
17345.0,2,8,37,58,1
56320.0,3,4,48,702,1
28647.0,1,7,37,94,1
15038.0,2,9,28,80,1
32173.0,1,4,57,22,1
68316.0,5,6,51,1211,1
74538.0,1,3,44,1461,0
91700.0,1,3,44,1968,0
68695.0,1,2,46,1091,0
31056.0,1,8,38,55,1
79593.0,1,2,42,1366,0
28071.0,2,8,35,313,0
37334.0,4,4,57,62,2
46423.0,3,7,43,92,2
37126.0,1,6,44,72,1
47703.0,4,5,62,655,1
61180.0,2,3,56,704,1
38998.0,3,8,61,54,2
8028.0,15,19,24,178,0
76081.0,1,2,53,1033,0
34728.0,1,6,29,36,1
33168.0,3,7,50,122,1
33585.0,1,4,49,122,1
77037.0,1,3,55,1123,1
35196.0,6,8,31,497,1
44529.0,6,5,49,691,1
70924.0,1,3,50,1363,0
28764.0,1,8,49,12,2
69098.0,1,5,66,2440,0
25959.0,2,6,45,56,2
27100.0,1,7,32,37,1
70596.0,1,2,30,968,0
42557.0,4,8,41,270,1
53312.0,1,7,64,278,0
72228.0,1,3,63,1250,0
67605.0,1,1,28,938,0
62845.0,11,8,66,1178,2
65196.0,2,5,57,1155,2
42000.0,2,5,28,653,0
35860.0,2,5,42,49,2
65526.0,1,2,51,506,1
16860.0,3,7,54,38,2
83528.0,1,1,23,1650,0
64176.0,8,6,50,1826,1
22304.0,1,8,59,18,0
67023.0,1,2,37,906,0
32892.0,2,8,44,46,1
70713.0,6,3,49,1477,1
59925.0,3,6,60,766,1
39722.0,2,5,62,47,1
46610.0,1,6,57,467,0
88347.0,1,1,54,2116,0
87171.0,1,2,34,1298,0
26907.0,2,7,39,22,2
50014.0,2,5,47,396,1
41014.0,1,7,37,20,1
66294.0,1,2,50,967,0
36715.0,6,9,44,357,1
79456.0,1,3,59,1401,0
40479.0,1,4,33,15,1
75345.0,1,3,45,2087,0
54233.0,4,8,38,981,1
24163.0,2,4,45,17,2
84460.0,0,5,57,523,0
43776.0,1,6,32,23,1
71691.0,1,2,57,1192,0
85844.0,1,2,42,1958,0
39190.0,2,5,41,133,1
71367.0,1,2,56,777,0
38578.0,3,8,43,73,2
57236.0,3,3,50,121,2
61825.0,1,4,36,424,1
79803.0,1,1,57,868,1
80910.0,1,1,29,756,0
27590.0,1,7,33,12,1
56775.0,2,5,36,937,1
83829.0,0,1,40,1862,0
54210.0,2,5,36,367,1
38508.0,6,8,29,443,1
53187.0,2,5,45,267,1
30023.0,1,8,43,61,1
76045.0,1,2,55,1323,0
50870.0,1,5,63,63,1
15315.0,2,5,45,64,0
65463.0,2,5,41,562,1
66480.0,7,4,50,312,2
76773.0,1,1,61,1156,0
81698.0,1,5,32,1104,0
54466.0,1,5,42,16,2
98777.0,0,1,55,2008,0
16269.0,3,8,31,44,1
71819.0,3,6,44,1574,1
33569.0,1,8,32,63,1
36262.0,1,6,32,426,0
22634.0,1,8,49,96,0
47025.0,5,9,37,635,1
70566.0,2,3,47,757,1
31605.0,2,7,36,125,1
52034.0,5,7,42,332,2
48526.0,1,3,36,135,1
46734.0,2,7,61,330,1
39552.0,7,8,53,384,2
86358.0,4,8,49,1722,2
46931.0,2,3,38,78,3
16581.0,1,4,30,24,0
63998.0,1,4,63,1168,0
67381.0,4,7,64,957,1
25930.0,1,7,48,15,2
42693.0,1,5,37,57,1
85606.0,2,3,39,1956,1
72903.0,1,4,30,2013,0
49669.0,2,6,41,326,1
36778.0,3,9,47,77,2
85696.0,1,1,53,1313,0
10979.0,2,5,26,30,0
49678.0,2,7,54,315,1
56129.0,4,4,62,660,1
37155.0,1,5,26,74,1
21282.0,2,6,37,46,1
33419.0,2,7,53,86,1
63285.0,1,3,70,1103,0
21255.0,4,4,41,61,1
42162.0,2,6,34,145,1
54450.0,12,8,59,684,2
57744.0,2,8,61,411,1
26576.0,1,9,29,27,1
57513.0,2,6,72,1060,0
68142.0,3,6,51,1459,1
7500.0,1,8,36,18,1
83145.0,1,2,41,1833,0
54197.0,2,1,55,237,1
23091.0,4,7,52,48,2
46049.0,10,7,39,515,2
56715.0,1,4,41,1020,0
79410.0,1,1,54,1370,0
57304.0,2,5,64,1026,1
44375.0,1,5,50,301,1
54450.0,12,8,59,684,2
59594.0,1,7,50,499,1
80685.0,1,2,21,1004,0
40344.0,2,7,41,218,1
62710.0,4,4,43,606,1
48985.0,1,3,47,75,1
35322.0,3,8,47,106,3
77142.0,1,2,67,990,0
81657.0,1,1,46,1097,0
14421.0,1,5,19,16,0
20130.0,1,8,41,34,0
74214.0,1,5,25,1711,0
66726.0,3,7,58,438,2
23724.0,2,8,36,75,1
47353.0,3,5,55,225,1
33444.0,1,8,63,18,2
54386.0,2,3,34,470,1
28510.0,3,5,34,91,2
48070.0,3,7,65,504,1
43140.0,1,6,58,235,1
54959.0,3,7,54,1232,1
15056.0,5,5,57,88,2
26954.0,1,7,44,17,1
22327.0,1,5,30,24,1
44393.0,2,4,50,60,2
62000.0,1,4,63,1020,1
31497.0,2,8,53,155,1
45894.0,1,5,41,51,2
78579.0,1,3,45,1812,0
67369.0,4,4,46,1461,1
58401.0,1,4,55,96,1
62307.0,1,5,63,160,1
43641.0,3,6,46,139,2
63841.0,1,6,47,908,1
46891.0,1,4,50,183,1
70091.0,2,8,46,1161,1
78075.0,1,1,43,988,0
59184.0,3,5,54,1072,1
54809.0,4,4,38,174,2
58113.0,3,7,56,758,1
51412.0,2,4,57,195,1
15287.0,2,7,36,31,1
66636.0,1,1,58,1084,0
50965.0,3,8,59,685,1
84618.0,1,2,50,1672,0
18351.0,1,7,25,43,0
40451.0,1,5,58,49,2
36317.0,2,7,50,133,1
42213.0,2,7,58,363,1
65748.0,2,1,60,545,1
77044.0,2,4,43,1065,1
74918.0,1,3,46,2047,0
56721.0,5,6,43,296,2
42160.0,4,6,40,140,2
61559.0,1,3,50,530,1
33629.0,5,9,52,152,2
68682.0,1,2,24,1598,0
34377.0,2,7,52,114,1
8940.0,3,8,29,101,1
26228.0,1,8,42,25,1
77297.0,1,4,58,789,0
40211.0,2,8,34,87,2
33438.0,4,5,57,90,2
75032.0,2,3,56,1215,1
61284.0,1,6,60,811,0
22518.0,2,5,29,61,1
54730.0,5,4,40,405,1
38452.0,3,7,60,72,2
44421.0,5,8,44,189,2
38197.0,1,5,29,40,1
41986.0,3,4,37,63,1
28427.0,2,8,32,52,1
37395.0,1,6,39,39,1
64722.0,4,6,44,805,1
55249.0,1,3,59,130,1
84906.0,1,2,43,1631,0
28691.0,1,8,26,34,1
44213.0,4,6,63,152,2
25707.0,1,7,31,21,1
59062.0,2,4,48,71,3
76624.0,1,1,53,899,1
66000.0,1,1,68,711,0
27683.0,4,8,37,351,1
1730.0,15,20,44,8,0
7500.0,4,9,23,119,1
40521.0,1,5,47,21,2
20427.0,1,8,42,10,1
65106.0,3,6,40,973,1
69969.0,1,3,50,1536,0
67433.0,4,4,63,992,2
77766.0,2,6,48,1529,1
74716.0,2,4,43,860,1
68118.0,2,6,52,928,1
55158.0,4,7,45,418,2
62972.0,2,6,60,587,1
74190.0,2,2,40,641,1
39356.0,1,6,39,23,2
76653.0,1,2,46,2279,0
35860.0,2,5,42,49,2
90687.0,1,2,32,1779,0
73450.0,1,3,33,1804,0
31454.0,3,8,55,48,2
47139.0,2,7,63,83,2
83829.0,0,1,40,1862,0
53378.0,10,8,52,793,2
19656.0,3,7,45,84,1
45579.0,1,6,67,183,1
85485.0,1,2,57,1383,0
55956.0,2,4,71,999,0
64191.0,3,3,52,825,1
38808.0,4,8,43,246,1
57183.0,8,8,49,610,2
23748.0,3,8,47,76,1
66303.0,4,8,44,1286,1
37368.0,1,6,40,30,1
40800.0,2,7,51,99,3
71847.0,0,3,37,1192,0
46149.0,5,5,40,362,1
78687.0,1,2,32,2130,0
49118.0,2,7,44,1229,0
37633.0,2,9,58,38,2
39767.0,2,8,64,485,0
26997.0,2,7,64,434,0
33986.0,1,7,45,44,1
57091.0,2,7,43,496,1
46831.0,2,4,46,78,2
83151.0,1,2,43,2346,0
52531.0,2,6,44,794,0
15759.0,1,7,59,17,0
22804.0,1,9,44,26,1
43050.0,2,5,42,76,1
42997.0,1,7,38,15,2
48918.0,2,4,52,62,2
60033.0,2,2,61,198,1
34043.0,1,9,37,49,1
57811.0,5,5,49,802,1
78569.0,1,1,69,1736,0
7500.0,4,6,37,57,2
94384.0,0,2,62,2302,0
23148.0,1,7,30,37,0
44267.0,5,9,45,310,2
71626.0,1,3,36,1305,0
60894.0,5,7,49,832,1
50200.0,6,8,39,401,2
81051.0,1,2,50,1501,0
65169.0,1,6,33,1189,0
59868.0,7,6,43,1194,1
65695.0,2,4,55,656,1
64857.0,1,4,59,1540,0
45143.0,3,7,50,311,1
74805.0,5,2,60,820,1
59060.0,3,4,26,274,1
27238.0,3,9,53,57,2
47009.0,4,4,50,448,1
46094.0,1,7,42,44,2
40321.0,2,7,43,102,2
37235.0,1,4,31,61,1
81843.0,1,3,55,1643,0
46692.0,3,6,57,397,1
77382.0,2,1,47,1121,1
37774.0,4,9,38,473,2
18393.0,2,8,41,50,1
72828.0,6,7,53,1678,1
24711.0,1,7,33,58,0
45503.0,1,5,40,170,1
6560.0,0,17,33,373,0
71604.0,1,4,70,1196,0
27244.0,2,7,36,101,1
48752.0,5,9,46,316,2
71434.0,3,4,53,1400,1
90842.0,1,1,67,1424,0
88097.0,1,9,37,844,1
51948.0,2,5,40,311,1
71853.0,1,1,33,1149,0
35876.0,1,6,32,129,0
40049.0,1,6,63,32,1
39660.0,3,9,33,299,1
50127.0,1,6,53,320,1
43263.0,3,5,38,441,1
62845.0,11,8,66,1178,2
18929.0,1,6,25,85,0
24367.0,1,9,33,24,1
33249.0,2,6,40,112,1
26887.0,1,6,56,30,1
50150.0,2,5,32,410,0
62061.0,3,6,39,800,1
85696.0,1,1,53,1313,0
76542.0,1,2,59,1483,0
70515.0,1,2,22,1258,0
18227.0,1,8,28,28,1
69139.0,1,4,50,227,1
69109.0,1,4,33,1555,0
69627.0,2,5,53,861,1
38136.0,2,8,37,103,1
62159.0,1,4,69,634,0
80695.0,1,2,52,1918,0
33316.0,3,6,44,131,2
58554.0,6,7,47,586,2
17256.0,2,8,23,62,1
53034.0,8,8,41,447,2
52203.0,1,6,65,939,0
59601.0,4,8,38,797,1
75154.0,1,3,57,1143,1
47025.0,3,6,39,415,1
37971.0,1,8,42,30,1
41335.0,3,7,47,187,1
67267.0,1,2,57,251,1
57338.0,2,5,40,237,1
50523.0,2,6,55,91,2
35791.0,2,8,50,35,3
50611.0,6,6,55,493,1
56242.0,5,6,46,971,1
48904.0,4,8,55,371,1
56243.0,6,5,40,396,3
21355.0,2,6,30,68,1
57420.0,3,7,44,322,1
46390.0,1,7,60,222,1
54342.0,4,6,59,177,2
20895.0,1,9,42,45,1
92344.0,0,1,67,1899,0
26907.0,2,7,39,22,2
44964.0,1,8,35,41,2
75507.0,1,3,36,1440,0
53761.0,6,5,43,325,2
22682.0,3,4,42,95,1
38887.0,1,7,43,42,1
41658.0,2,4,40,72,2
29791.0,2,5,43,20,1
63915.0,2,5,59,789,2
39996.0,1,6,41,15,2
26759.0,2,6,43,59,1
63841.0,1,6,47,908,1
51039.0,2,7,46,417,2
60544.0,4,6,54,289,2
65685.0,1,5,43,769,1
37716.0,2,7,62,188,1
36864.0,3,8,58,354,1
44511.0,6,8,45,727,1
36947.0,4,9,48,146,2
47352.0,4,7,64,319,1
67087.0,2,4,62,794,1
57045.0,3,3,65,454,1
36957.0,4,9,62,152,2
69389.0,1,4,38,797,1
80134.0,2,6,43,1690,1
43142.0,1,7,46,20,2
80589.0,1,1,71,1428,0
34412.0,3,9,25,209,1
57537.0,4,4,36,545,1
22634.0,1,8,49,96,0
51315.0,1,2,67,222,0
36026.0,2,6,43,61,3
24639.0,3,6,42,44,2
34578.0,1,6,43,8,3
65704.0,1,1,43,817,0
63810.0,4,8,49,1371,1
54132.0,1,7,46,42,1
18690.0,1,8,56,60,0
28164.0,3,7,45,78,1
34596.0,1,8,41,23,1
43269.0,1,8,43,19,1
38741.0,2,7,57,61,2
31907.0,1,7,43,449,0
27100.0,1,7,32,37,1
31163.0,1,6,42,38,1
92533.0,1,2,30,1131,0
34853.0,2,6,42,34,2
70844.0,5,7,48,294,2
31086.0,2,8,36,48,2
60544.0,4,6,54,289,2
20491.0,1,7,29,30,0
42523.0,1,2,51,125,0
39922.0,2,8,32,156,1
33402.0,3,8,63,70,2
36408.0,1,6,66,22,2
21645.0,3,9,36,65,1
78427.0,3,3,67,1930,0
82657.0,1,4,69,2283,0
51876.0,1,1,57,310,0
78041.0,1,2,44,1319,0
52852.0,4,8,58,879,1
70038.0,1,2,33,1244,0
69401.0,4,2,42,690,1
46053.0,3,5,43,209,1
77343.0,1,1,50,1134,0
73892.0,1,1,62,1507,0
40304.0,1,7,48,57,1
32727.0,2,8,50,529,0
68695.0,1,2,46,1091,0
43300.0,3,8,44,180,1
26290.0,4,6,43,77,2
93790.0,0,2,45,2349,0
38410.0,2,6,41,534,0
64866.0,4,5,65,556,1
57957.0,7,3,56,637,1
46015.0,1,7,60,46,2
16531.0,3,7,37,44,1
28072.0,1,7,29,47,1
49476.0,4,2,52,795,1
50725.0,4,8,62,586,1
83844.0,1,1,63,1574,0
41145.0,1,3,65,13,2
67419.0,4,5,45,1471,1
23162.0,3,6,45,65,2
34380.0,4,8,38,175,1
34704.0,1,5,49,40,1
94871.0,1,7,46,1078,2
65148.0,2,4,57,1115,1
39898.0,2,7,61,134,1
64857.0,1,4,59,1540,0
59892.0,1,3,45,87,1
41020.0,1,3,28,217,0
57072.0,2,5,54,1034,1
60474.0,7,7,36,1180,1
62807.0,3,5,55,819,1
19414.0,1,8,34,32,1
19107.0,2,7,35,46,1
75484.0,2,4,39,1159,1
70379.0,3,4,39,860,1
79419.0,1,2,45,1631,0
64014.0,7,7,69,444,3
76998.0,2,6,60,1910,1
49854.0,5,6,43,380,1
60585.0,10,5,44,736,2
42873.0,4,8,65,269,2
57867.0,7,6,37,612,1
35765.0,2,6,25,75,1
65492.0,2,2,56,1045,0
32952.0,1,7,38,55,1
53374.0,6,9,46,1064,1
71706.0,4,5,56,1443,1
68487.0,1,4,27,1366,0
53253.0,7,5,40,436,2
31163.0,1,6,42,38,1
42014.0,6,8,38,436,1
54108.0,13,8,42,747,2
49667.0,2,8,60,1396,0
63206.0,1,2,41,928,0
57136.0,9,6,43,642,2
46772.0,6,8,40,1048,1
78931.0,1,1,44,943,0
53977.0,5,5,57,907,1
84219.0,1,1,27,1198,0
46098.0,4,8,40,120,2
73538.0,3,7,50,1658,1
79529.0,1,2,29,1638,0
20981.0,1,8,38,73,0
51766.0,2,5,35,275,1
55759.0,5,8,53,854,1
33039.0,1,5,37,78,1
37787.0,1,8,43,106,1
27242.0,2,9,45,106,1
87188.0,1,3,32,1923,0
69930.0,1,3,44,1662,0
37697.0,1,6,39,84,1
37401.0,2,7,42,48,1
3502.0,0,14,42,5,1
58597.0,12,7,39,733,2
82032.0,0,1,67,1234,0
28087.0,3,7,57,112,2
74004.0,1,3,28,1658,0
19740.0,2,5,55,55,1
57036.0,4,9,40,1513,1
53083.0,6,7,57,271,2
69283.0,4,5,40,904,1
46098.0,4,8,40,120,2
23331.0,2,8,27,103,1
23331.0,6,9,27,269,1
9255.0,1,8,26,22,1
67786.0,1,1,56,1156,0
71969.0,3,8,44,1086,1
59235.0,3,7,48,1128,1
31928.0,2,7,26,72,1
74881.0,4,5,54,964,2
65819.0,1,3,37,1383,0
51411.0,1,5,62,18,3
51983.0,3,7,51,793,1
42386.0,1,8,29,100,1
30390.0,1,6,28,80,0
30983.0,1,8,52,167,0
66033.0,2,7,58,677,1
37284.0,1,6,40,23,2
57530.0,1,1,64,92,1
76800.0,1,1,50,641,0
63943.0,1,5,59,1106,1
76081.0,1,2,53,1033,0
67445.0,5,6,41,1174,1
37054.0,2,7,48,25,2
47175.0,7,8,53,240,2
31859.0,1,7,39,20,1
27215.0,4,6,54,102,3
70179.0,3,5,39,1034,1
39922.0,2,8,32,156,1
49681.0,6,7,39,458,2
24645.0,1,8,27,17,1
79865.0,1,1,61,792,1
44322.0,2,8,30,92,1
47958.0,2,5,63,407,1
63972.0,4,4,51,1269,1
75315.0,2,2,61,841,1
55517.0,5,9,65,633,2
75283.0,11,4,58,1019,3
82800.0,1,3,69,1315,0
38998.0,3,8,61,54,2
27161.0,1,7,29,52,1
42014.0,6,8,38,436,1
38201.0,4,8,55,268,1
45203.0,1,6,33,147,2
81574.0,1,1,68,1798,0
34935.0,1,7,23,137,0
60482.0,1,7,39,507,1
34633.0,1,6,59,15,3
78093.0,1,1,68,1105,0
82460.0,1,1,65,974,0
45903.0,2,4,49,66,1
81361.0,1,1,28,778,0
35860.0,2,5,42,49,2
40442.0,4,7,63,169,2
61482.0,1,2,50,299,0
34968.0,7,7,35,221,1
75794.0,1,3,28,1682,0
31497.0,2,8,53,155,1
74268.0,1,2,60,892,0
13724.0,1,9,27,58,1
45143.0,3,7,50,311,1
52569.0,1,3,48,95,1
48432.0,5,8,42,424,1
17144.0,5,7,55,47,2
36108.0,3,9,31,339,1
76445.0,1,6,44,1410,1
36663.0,1,2,40,35,1
53843.0,4,7,50,562,1
90226.0,1,2,59,2352,0
70638.0,1,3,60,1334,0
44512.0,2,4,55,32,2
27116.0,2,7,54,41,2
54072.0,1,8,52,39,2
71855.0,4,3,38,1141,1
51250.0,5,9,25,710,1
60432.0,5,6,42,401,1
65526.0,1,2,51,506,1
68655.0,1,3,27,1538,0
12393.0,1,9,37,57,0
64509.0,1,4,25,1722,0
33955.0,4,8,40,270,1
31353.0,2,8,38,31,2
55434.0,3,4,31,882,1
28359.0,1,7,32,16,1
57100.0,2,3,28,311,1
69139.0,1,4,50,227,1
52973.0,7,8,59,1152,1
51717.0,1,7,50,122,1
18793.0,3,8,44,77,1
66664.0,1,3,33,1289,0
50664.0,9,9,56,561,2
54414.0,4,4,52,211,2
54549.0,2,7,63,233,1
47111.0,6,9,44,1092,1
41003.0,1,6,52,601,0
19444.0,3,7,33,54,1
36301.0,1,7,39,78,1
73059.0,1,4,68,1095,1
42731.0,3,5,46,244,1
52854.0,2,5,56,116,2
22775.0,1,8,37,15,1
46681.0,2,5,67,425,2
59821.0,6,8,60,734,1
50002.0,2,7,61,638,1
69755.0,1,1,70,894,0
44078.0,2,5,46,41,2
30560.0,1,7,39,31,1
35924.0,1,5,46,34,2
64140.0,5,5,51,1750,2
56386.0,8,9,34,612,2
24594.0,1,5,36,29,1
75774.0,1,4,34,823,1
39228.0,1,4,55,20,0
58494.0,2,6,41,396,1
58684.0,1,2,34,813,0
57136.0,1,6,48,1179,0
56551.0,3,4,65,138,2
22448.0,3,3,33,55,1
82014.0,1,6,54,1511,0
34213.0,3,9,52,117,2
25358.0,2,6,68,32,1
35544.0,1,7,37,67,1
36634.0,3,7,61,335,1
62670.0,1,3,61,825,1
50334.0,6,6,43,694,1
72066.0,1,2,34,1792,0
50729.0,9,6,57,496,2
34916.0,4,9,47,231,2
64892.0,2,4,39,902,1
43602.0,3,6,49,68,2
33996.0,1,4,26,71,0
41473.0,1,7,30,76,1
63246.0,1,4,48,772,2
36732.0,3,2,56,47,2
69084.0,2,8,45,1586,1
77766.0,2,6,48,1529,1
37929.0,2,7,30,265,0
86610.0,1,2,64,1603,0
80141.0,1,6,29,2091,0
72635.0,1,3,60,981,0
69016.0,4,5,45,1533,1
20193.0,1,4,24,82,0
27573.0,4,8,40,244,1
15862.0,1,8,36,36,1
49544.0,2,7,39,404,1
33228.0,1,7,35,71,1
70440.0,1,3,37,1572,0
38232.0,4,5,44,122,2
22554.0,4,5,60,41,2
23536.0,1,3,32,10,1
49413.0,2,5,63,304,1
42231.0,1,5,46,37,2
78789.0,1,2,35,1754,0
56534.0,4,8,47,815,1
58350.0,4,6,44,1001,1
81217.0,1,1,26,1157,0
49090.0,3,7,64,688,1
61787.0,1,5,28,1319,0
18169.0,1,8,30,21,1
24336.0,1,7,34,31,1
18222.0,1,8,25,67,0
62335.0,2,2,63,708,1
42033.0,1,7,44,25,2
86580.0,0,1,32,746,0
41437.0,1,7,58,32,2
73705.0,2,5,64,1695,2
61064.0,5,6,39,1080,1
38452.0,3,7,60,72,2
18358.0,3,7,26,57,1
55012.0,6,5,42,660,1
9722.0,4,8,42,103,1
38175.0,3,7,31,153,1
58656.0,4,6,59,1220,1
52117.0,2,7,50,279,1
64813.0,1,5,37,745,1
54222.0,1,3,42,264,1
83512.0,1,1,29,2157,0
77520.0,1,4,56,1526,1
41154.0,1,5,37,69,1
80398.0,1,3,49,1597,0
18746.0,2,6,23,64,1
35196.0,6,8,31,497,1
60230.0,2,5,59,1067,1
22108.0,2,7,38,31,2
44392.0,5,7,41,211,2
55424.0,4,6,39,877,1
17688.0,1,8,36,11,1
92491.0,1,3,32,2034,0
90273.0,1,2,24,1991,0
82571.0,0,2,53,1686,0
38513.0,5,8,33,324,1
16653.0,3,6,36,69,1
42586.0,5,8,60,252,2
23529.0,1,6,50,54,1
74881.0,4,5,54,964,2
71107.0,2,4,64,1327,1
46910.0,2,6,51,68,2
18690.0,1,8,56,60,0
37244.0,1,7,60,55,2
82427.0,1,1,49,1456,0
75342.0,1,4,57,563,1
70044.0,4,5,61,1504,1
79146.0,2,6,48,564,2
77437.0,1,1,52,1125,0
54984.0,4,7,56,358,1
42403.0,1,8,44,42,1
55761.0,2,6,51,184,1
37292.0,5,8,32,460,1
45576.0,1,8,70,145,0
70321.0,1,4,68,1376,0
58086.0,2,8,46,792,1
81795.0,1,2,63,1382,0
28389.0,1,7,68,28,0
66835.0,1,2,69,1033,0
69901.0,3,5,46,882,1
80360.0,2,2,66,2231,0
63342.0,3,6,54,1101,1
44989.0,5,6,41,369,1
31859.0,1,7,35,48,1
51569.0,4,8,66,467,1
30372.0,3,7,44,44,2
16014.0,4,3,36,38,2
41120.0,3,6,47,81,2
39763.0,2,9,44,167,1
38725.0,2,4,60,45,2
77981.0,3,5,43,664,1
62905.0,3,4,51,622,1
13533.0,2,7,36,48,1
59481.0,2,2,40,461,1
72117.0,1,5,38,1073,1
21955.0,2,6,29,55,1
67131.0,3,6,59,976,1
36802.0,1,5,35,20,1
71853.0,1,1,33,1149,0
28249.0,1,6,54,43,0
47808.0,2,7,40,224,1
25509.0,3,9,41,101,1
51012.0,1,6,69,209,0
70596.0,1,2,30,968,0
85431.0,1,0,63,1165,0
42664.0,1,6,48,24,1
42586.0,5,8,60,252,2
29760.0,4,8,30,165,1
28973.0,2,8,38,269,0
39435.0,1,7,42,102,1
65370.0,1,1,31,461,0
20194.0,2,6,36,47,1
42473.0,3,5,39,144,2
64590.0,1,6,47,1338,0
71232.0,2,7,56,917,1
34600.0,5,8,44,318,2
46904.0,4,8,48,253,2
49094.0,5,6,42,502,1
36075.0,1,6,32,119,1
60839.0,13,8,36,1250,2
77298.0,1,3,36,969,1
34026.0,3,5,65,76,2
48918.0,2,4,52,62,2
82122.0,1,1,53,1382,0
37697.0,1,6,39,84,1
34074.0,5,6,63,255,2
28520.0,1,6,55,43,2
62535.0,1,3,60,398,1
36273.0,2,6,38,76,1
63404.0,2,4,51,902,2
75774.0,1,4,34,823,1
78416.0,2,3,39,1179,1
75702.0,1,6,41,1921,1
59385.0,2,5,64,185,2
37070.0,9,7,49,433,2
44689.0,2,7,64,34,2
53977.0,5,5,57,907,1
7144.0,0,0,49,416,2
18701.0,4,5,51,44,2
90369.0,1,1,59,1588,0
63159.0,1,3,41,1797,0
37758.0,2,8,49,40,2
46757.0,6,9,52,1143,1
79734.0,1,1,46,914,0
63207.0,1,7,23,1502,0
72071.0,3,2,61,1338,1
21840.0,1,9,32,27,1
58582.0,2,5,33,763,1
72282.0,1,7,64,1331,0
50387.0,3,5,59,525,2
32583.0,1,7,54,9,2
62568.0,3,4,53,953,1
44635.0,2,7,44,68,2
33316.0,3,6,44,131,2
63967.0,3,2,47,882,1
52513.0,2,7,37,1149,0
25293.0,1,8,46,37,1
54111.0,2,5,50,388,1
78394.0,1,2,29,1428,0
80739.0,1,1,57,1633,0
22669.0,3,9,40,173,1
29236.0,2,9,28,99,1
44911.0,3,7,56,215,1
54693.0,8,6,53,929,1
48186.0,3,7,41,219,1
54809.0,4,4,38,174,2
41580.0,3,5,37,92,2
80336.0,1,1,45,1052,0
47743.0,3,6,58,275,1
62972.0,2,6,60,587,1
57333.0,11,6,61,1662,1
32313.0,3,9,33,159,1
84953.0,1,2,62,1024,0
27071.0,2,6,47,35,1
68148.0,1,2,58,1042,0
65735.0,5,7,50,395,2
86836.0,1,5,40,557,0
4023.0,15,19,52,9,2
30093.0,1,7,25,69,0
57705.0,3,6,49,486,1
25008.0,2,8,27,34,1
83257.0,1,6,20,1365,0
22280.0,1,8,40,13,1
72159.0,1,2,37,1401,0
64260.0,1,3,54,1574,0
82733.0,1,4,31,1323,0
74290.0,4,6,44,1217,1
58217.0,1,6,64,103,3
21024.0,1,7,39,84,0
70116.0,1,1,43,1536,0
54006.0,2,7,30,581,1
69063.0,1,3,49,928,1
11448.0,1,6,40,14,0
61825.0,1,4,36,424,1
70886.0,1,2,44,960,1
69109.0,1,4,33,1555,0
60208.0,11,7,42,656,2
32889.0,3,5,47,55,2
34738.0,1,6,31,20,1
30538.0,4,10,44,367,1
82326.0,1,2,38,2257,0
26642.0,2,6,48,42,1
69932.0,2,4,51,1049,1
44503.0,2,6,43,48,2
60200.0,6,6,67,685,1
49638.0,1,2,63,39,1
23830.0,1,7,28,43,0
33051.0,3,9,56,835,0
72905.0,1,1,57,1515,0
69702.0,2,4,64,1039,1
70300.0,3,8,40,1596,1
70643.0,1,6,31,1828,0
30396.0,2,7,46,34,1
50616.0,2,7,47,149,1
62772.0,1,2,46,946,1
30298.0,1,3,30,28,0
52413.0,2,7,31,450,1
44155.0,1,4,58,46,2
86979.0,1,2,44,1702,0
76532.0,4,5,40,820,2
42081.0,2,6,33,382,1
67546.0,1,3,27,2126,0
88420.0,1,1,26,2069,0
31158.0,2,8,30,72,1
61671.0,8,8,47,732,1
69719.0,1,1,41,801,0
49160.0,2,6,66,236,1
24882.0,1,6,37,80,1
90933.0,1,1,61,1685,0
113734.0,0,1,70,277,0
59292.0,2,3,65,507,1
45759.0,2,7,51,68,2
22148.0,1,7,32,49,0
73395.0,1,2,28,397,0
29819.0,3,6,44,39,1
45688.0,2,4,47,306,1
62820.0,1,1,61,976,0
60491.0,4,5,44,1028,1
33235.0,1,7,29,70,1
35701.0,1,6,56,46,0
31535.0,1,7,35,51,1
92556.0,0,0,55,1263,0
67384.0,2,5,45,1490,1
80573.0,1,2,44,1564,0
77870.0,3,8,48,1815,1
52278.0,6,8,52,1198,1
57107.0,7,8,47,416,1
18929.0,1,6,25,85,0
36038.0,2,6,34,47,1
20180.0,1,7,39,137,0
34230.0,1,7,50,21,2
31878.0,1,3,38,70,1
70932.0,2,3,43,909,1
91249.0,0,4,59,1676,0
77598.0,1,3,72,1735,0
80982.0,3,5,56,1191,2
22701.0,1,5,38,24,1
55212.0,3,8,46,1182,1
70617.0,1,2,45,1280,0
64849.0,1,5,58,1336,0
62694.0,5,7,50,749,2
61917.0,1,5,41,91,2
67472.0,2,3,68,414,1
21059.0,3,6,33,44,1
29543.0,2,7,47,63,2
75903.0,2,3,64,901,1
34984.0,2,7,40,38,2
54998.0,5,4,59,455,1
54356.0,3,8,66,775,1
34242.0,1,5,56,15,1
25410.0,1,4,42,38,1
73356.0,1,2,31,1512,0
28320.0,1,8,65,43,1
23763.0,1,7,38,42,1
72570.0,1,1,31,1089,0
34529.0,2,7,39,162,1
70792.0,2,3,64,1272,0
63211.0,2,2,33,1173,0
83891.0,1,1,41,816,1
36065.0,3,8,47,74,2
39898.0,2,7,61,134,1
51141.0,1,5,75,157,0
56939.0,2,3,39,561,1
80872.0,1,1,64,1336,0
72335.0,1,8,39,2092,0
61798.0,1,4,51,463,0
76842.0,1,0,65,1130,0
29478.0,1,6,39,20,1
46998.0,5,7,59,377,1
96843.0,1,2,25,1544,0
56551.0,3,4,65,138,2
70053.0,3,5,50,1012,1
71670.0,1,6,53,1766,0
44359.0,3,3,37,45,2
40887.0,3,9,63,161,2
48877.0,1,7,49,144,1
74485.0,1,3,68,1734,0
64474.0,2,5,43,823,1
77226.0,2,3,52,1138,1
72643.0,1,2,66,1429,0
85738.0,1,1,37,1371,0
55686.0,2,4,49,982,1
39062.0,1,4,32,44,1
34600.0,5,8,44,318,2
40794.0,2,7,40,434,1
54690.0,3,3,44,198,2
4428.0,0,1,46,359,1
32632.0,2,5,52,576,0
38236.0,4,7,47,88,2
36781.0,1,8,36,63,1
31385.0,1,8,31,27,1
24570.0,3,9,31,193,1
25509.0,3,9,41,101,1
94642.0,0,1,64,2211,0
58646.0,1,4,53,140,1
53201.0,8,7,40,415,2
21994.0,1,5,58,22,1
57113.0,6,7,37,263,2
51373.0,1,4,24,393,0
23477.0,3,8,29,147,1
58116.0,2,2,59,443,1
72968.0,1,3,52,1958,0
39791.0,2,7,44,174,1
91712.0,0,3,68,2217,0
94472.0,1,5,57,1691,1
13672.0,2,8,55,25,2
96547.0,0,2,35,809,0
79205.0,1,4,40,895,0
56559.0,3,4,40,484,1
32644.0,4,8,42,413,1
67506.0,1,3,35,331,1
24206.0,1,6,45,25,1
28420.0,1,6,48,13,1
22979.0,3,8,45,115,1
33279.0,1,3,49,16,0
46423.0,3,7,43,92,2
30368.0,2,8,38,52,1
63684.0,3,5,45,1464,1
41638.0,4,8,51,441,1
68805.0,1,2,56,283,1
65814.0,3,5,49,747,1
71964.0,1,3,57,1870,0
39146.0,3,8,29,165,1
96876.0,1,2,38,1941,0
34445.0,6,9,34,839,0
68281.0,1,5,57,1655,0
37284.0,1,6,40,23,2
36790.0,1,9,32,66,0
27943.0,3,8,48,37,2
22263.0,2,6,64,21,2
30261.0,1,8,43,22,3
28587.0,3,6,37,78,1
43815.0,1,6,33,79,1
48195.0,6,6,59,265,2
77027.0,2,4,63,1175,1
71322.0,2,4,50,1305,1
32765.0,2,5,36,46,1
29672.0,1,6,50,25,2
23272.0,1,4,62,46,0
49912.0,4,8,66,874,1
7500.0,4,9,30,100,1
68117.0,2,6,68,930,1
67225.0,3,5,60,868,1
17649.0,3,8,39,45,1
55914.0,4,7,40,1260,1
40059.0,1,8,31,414,1
60905.0,2,2,65,392,1
75330.0,4,6,38,1109,2
60689.0,4,3,64,639,1
38680.0,1,7,31,79,1
61416.0,1,6,33,1665,0
49767.0,1,4,24,692,0
83273.0,10,7,45,1392,3
29009.0,2,6,34,44,1
45057.0,1,5,36,50,1
37150.0,8,7,44,467,1
43020.0,3,6,45,223,1
53154.0,1,4,56,158,1
65308.0,1,4,42,1211,0
76467.0,2,6,45,1575,1
81044.0,1,1,68,1208,0
32871.0,1,4,64,43,2
55801.0,6,7,40,527,2
76320.0,2,2,56,932,1
36927.0,2,8,60,71,2
48794.0,1,4,62,54,2
23478.0,1,8,50,129,0
71128.0,3,7,42,1615,1
70179.0,3,5,39,1034,1
59462.0,2,7,65,1088,1
38361.0,3,7,46,137,1
70038.0,1,2,33,1244,0
42554.0,2,4,37,41,2
67445.0,5,6,41,1174,1
67046.0,2,2,64,993,1
42192.0,1,4,67,100,0
77610.0,2,7,63,1680,1
31761.0,2,5,31,98,1
34350.0,1,7,36,48,1
54591.0,3,5,66,519,1
71866.0,1,3,59,715,1
25293.0,1,8,46,37,1
42000.0,2,5,28,653,0
69520.0,1,5,32,1455,0
64713.0,2,4,45,602,1
27889.0,1,6,38,26,1
22123.0,1,5,55,102,0
27803.0,2,8,42,176,1
51651.0,4,8,55,433,1
68487.0,1,4,27,1366,0
56796.0,3,7,46,1001,1
87000.0,1,2,23,961,0
79823.0,1,2,56,1518,1
30828.0,2,3,35,56,1
34109.0,1,4,44,22,1
53367.0,7,7,41,400,2
22390.0,1,7,46,26,0
71322.0,1,2,39,350,1
79244.0,1,1,22,1216,0
49912.0,4,8,66,874,1
48699.0,1,5,65,40,2
80144.0,1,1,40,1367,0
54252.0,5,6,59,264,2
81929.0,2,6,39,2053,1
76068.0,1,6,40,1376,1
53204.0,1,4,39,45,2
67911.0,3,3,66,976,1
14796.0,2,9,31,51,1
78128.0,2,3,41,1264,1
14188.0,1,6,43,75,0
20425.0,2,7,29,57,1
58646.0,1,4,53,140,1
72967.0,2,5,45,497,1
48150.0,3,7,66,266,1
82332.0,1,2,54,2006,0
58275.0,6,7,60,615,2
44953.0,1,6,34,1021,0
34587.0,2,4,62,22,2
43018.0,1,5,41,133,1
45736.0,5,7,61,437,1
66476.0,2,4,46,1013,1
27733.0,2,7,34,57,1
69805.0,2,2,63,1038,1
72217.0,1,2,53,1573,0
25818.0,1,7,44,28,1
37509.0,2,7,39,123,1
25176.0,1,7,39,13,2
43586.0,3,8,35,132,1
53230.0,4,5,59,732,1
50116.0,2,5,58,66,2
84906.0,1,2,43,1631,0
61286.0,2,5,49,608,1
82333.0,1,2,29,1822,0
65220.0,4,6,50,1282,0
33590.0,1,7,41,8,3
30992.0,1,7,39,43,1
72309.0,1,3,39,1931,0
16005.0,3,8,35,103,1
65487.0,3,2,58,1169,0
58692.0,1,7,50,395,1
40590.0,5,6,46,258,2
20587.0,1,7,45,25,1
62637.0,1,2,61,185,1
29435.0,4,9,49,180,2
19346.0,1,8,41,22,1
35788.0,2,6,44,44,2
36997.0,5,5,47,94,2
23539.0,1,6,58,81,0
65333.0,7,6,42,798,1
78499.0,1,4,58,1334,0
29732.0,1,9,44,38,1
41275.0,4,5,55,61,3
63516.0,4,5,42,300,2
42769.0,2,4,53,88,1
49572.0,2,7,57,54,2
69209.0,2,4,43,1782,0
17148.0,4,8,39,68,1
40590.0,5,6,46,258,2
30560.0,1,7,39,31,1
32146.0,2,6,32,66,1
41713.0,5,6,51,174,2
34176.0,1,3,40,28,1
58482.0,2,6,60,731,1
59686.0,1,4,50,274,1
60896.0,3,6,51,1701,1
62994.0,1,6,35,312,1
47320.0,6,6,58,414,1
74859.0,1,3,66,1565,0
15253.0,2,7,23,29,1
31560.0,2,8,41,94,1
72071.0,3,2,61,1338,1
91172.0,0,3,25,1092,0
90000.0,1,1,31,1479,0
41967.0,1,4,34,54,2
69263.0,1,6,50,568,1
65706.0,1,7,45,1199,0
60934.0,2,4,40,873,1
71965.0,3,3,64,1213,1
65210.0,2,6,60,731,1
79174.0,1,2,40,2043,0
81380.0,1,2,48,1893,0
48432.0,5,8,42,424,1
52914.0,2,7,44,575,1
38946.0,2,5,60,257,1
26067.0,3,8,41,56,1
44325.0,4,8,43,542,1
42523.0,1,2,51,125,0
26487.0,3,5,37,69,1
53233.0,1,4,58,40,1
67716.0,4,5,55,1016,1
76234.0,1,3,43,907,1
84117.0,1,2,59,1566,0
65487.0,3,2,58,1169,0
25224.0,2,3,43,46,1
89616.0,1,2,32,1644,0
40851.0,1,7,44,59,2
27469.0,1,6,68,17,0
82347.0,1,3,58,1853,0
73803.0,2,6,58,1528,1
8820.0,4,8,63,35,2
43322.0,1,7,41,141,0
55593.0,2,6,42,546,1
50501.0,7,6,61,500,2
37085.0,4,8,40,61,2
16185.0,2,8,25,106,1
57731.0,4,6,46,704,1
48432.0,5,8,42,424,1
73807.0,2,2,37,849,1
18929.0,1,6,25,85,0
35893.0,6,8,47,199,2
61014.0,4,7,35,1147,1
32144.0,4,7,61,54,2
14918.0,1,6,52,43,1
45146.0,2,4,52,53,2
41769.0,6,8,60,521,1
88325.0,1,2,34,1623,0
38054.0,2,7,65,45,2
80617.0,1,2,20,1435,0
5305.0,0,13,39,32,1
36807.0,1,6,61,16,2
28427.0,2,8,32,52,1
82032.0,0,1,67,1234,0
22775.0,1,8,37,15,1
40101.0,4,7,30,415,1
58025.0,3,4,36,470,1
75777.0,1,1,33,1438,0
7500.0,4,7,36,53,1
33562.0,3,4,52,51,3
57642.0,3,4,45,679,1
58554.0,6,7,47,586,2
63777.0,8,8,36,653,2
57967.0,5,5,53,468,1
24434.0,2,7,43,50,2
11012.0,3,9,31,84,1
44802.0,2,8,45,1049,0
26816.0,1,4,29,22,0
34421.0,1,7,41,30,1
61223.0,2,5,48,1341,1
64014.0,7,7,69,444,3
56981.0,1,6,34,1241,0
69245.0,2,3,59,843,1
52869.0,3,7,61,172,2
